Pond,SampleID,Date,Time In,Depth,Temperature,DO,Conductivity,Turbidity,Num
T106,T106_0,7/25/2023,9:15,0,24.2,98.2,513,15.3,1
T106,T106_10,7/25/2023,9:15,10,24.2,98.3,513,15.3,1
T106,T106_20,7/25/2023,9:15,20,24.2,98.3,513,15.3,1
T106,T106_30,7/25/2023,9:15,30,24.2,98.3,513,15.3,1
T106,T106_40,7/25/2023,9:15,40,24.2,98.8,520,16.24,1
T106,T106_50,7/25/2023,9:15,50,24.1,99.5,519,16.3,1
T106,T106_60,7/25/2023,9:15,60,24.1,99.7,519,15.85,1
T106,T106_70,7/25/2023,9:15,70,24.1,98.2,519,15.08,1
T106,T106_80,7/25/2023,9:15,80,24.1,97.8,519,15.12,1
T106,T106_90,7/25/2023,9:15,90,24,88.9,524,17.34,1
T106,T106_100,7/25/2023,9:15,100,23.6,64.9,568,13.34,1
T106,T106_110,7/25/2023,9:15,110,23.2,51.6,594,12.45,1
T106,T106_120,7/25/2023,9:15,120,23,43.9,607,13.06,1
T106,T106_130,7/25/2023,9:15,130,22.8,26.3,618,13.03,1
T106,T106_140,7/25/2023,9:15,140,22.6,7,628,15.36,1
T106,T106_150,7/25/2023,9:15,150,22.3,3.9,640,12.03,1
T106,T106_160,7/25/2023,9:15,160,22.2,2.6,645,13.54,1
T107,T107_0,7/25/2023,10:10,0,23.8,88.3,581,12.75,1
T107,T107_10,7/25/2023,10:10,10,23.9,89.3,586,11.81,1
T107,T107_20,7/25/2023,10:10,20,23.9,90,585,12.31,1
T107,T107_30,7/25/2023,10:10,30,23.8,90,588,12.13,1
T107,T107_40,7/25/2023,10:10,40,23.8,92.7,587,11.11,1
T107,T107_50,7/25/2023,10:10,50,23.8,92.9,591,11.94,1
T107,T107_60,7/25/2023,10:10,60,23.7,90.3,587,12.79,1
T107,T107_70,7/25/2023,10:10,70,23.7,84.6,593,13.03,1
T107,T107_80,7/25/2023,10:10,80,23.6,80.8,591,13.32,1
T107,T107_90,7/25/2023,10:10,90,23.4,83.7,607,11.38,1
T107,T107_100,7/25/2023,10:10,100,23.3,85.1,612,11.48,1
T107,T107_110,7/25/2023,10:10,110,23.3,83.9,621,12.55,1
T107,T107_120,7/25/2023,10:10,120,23.2,70.3,625,20.35,1
T109,T109_0,7/25/2023,10:45,0,24,139.4,644,10.62,1
T109,T109_10,7/25/2023,10:45,10,23.9,143.5,635,10.92,1
T109,T109_20,7/25/2023,10:45,20,23.9,144.1,636,11.86,1
T109,T109_30,7/25/2023,10:45,30,23.6,140.6,637,15.08,1
T109,T109_40,7/25/2023,10:45,40,23.5,129,633,14.91,1
T109,T109_50,7/25/2023,10:45,50,23.5,128.3,632,15.44,1
T109,T109_60,7/25/2023,10:45,60,23.4,123.8,634,15.1,1
T109,T109_70,7/25/2023,10:45,70,23.2,114.1,637,21.51,1
T109,T109_80,7/25/2023,10:45,80,23.1,100.2,637,25,1
T109,T109_90,7/25/2023,10:45,90,23.1,97.2,639,32.1,1
T109,T109_100,7/25/2023,10:45,100,23,55.3,644,25.98,1
T109,T109_110,7/25/2023,10:45,110,22.8,30.2,657,23.96,1
T109,T109_120,7/25/2023,10:45,120,22.7,20.2,663,25.49,1
T109,T109_130,7/25/2023,10:45,130,22.7,13,665,29.53,1
T108,T108_0,7/25/2023,11:30,0,25.2,83.7,958,2.96,1
T108,T108_10,7/25/2023,11:30,10,24.9,82.8,958,3.85,1
T108,T108_20,7/25/2023,11:30,20,24.7,83.9,954,4.41,1
T108,T108_30,7/25/2023,11:30,30,24.2,83.1,957,5.17,1
T108,T108_40,7/25/2023,11:30,40,24.2,83.9,955,5.17,1
T108,T108_50,7/25/2023,11:30,50,23.9,83.3,956,7.03,1
T108,T108_60,7/25/2023,11:30,60,23.7,86.1,953,8.29,1
T108,T108_70,7/25/2023,11:30,70,23.6,83.6,956,8.19,1
T108,T108_80,7/25/2023,11:30,80,23.5,71.5,958,7.77,1
T108,T108_90,7/25/2023,11:30,90,23.5,64.4,965,5.2,1
T108,T108_100,7/25/2023,11:30,100,23.4,63.3,966,5.23,1
T108,T108_110,7/25/2023,11:30,110,23.4,59.4,972,5.62,1
T108,T108_120,7/25/2023,11:30,120,23.4,53.2,985,5.4,1
T108,T108_130,7/25/2023,11:30,130,23.3,42.9,1005,7.66,1
T108,T108_140,7/25/2023,11:30,140,23.2,35.5,1036,8.54,1
T108,T108_150,7/25/2023,11:30,150,23.1,25,1050,9.54,1
T108,T108_160,7/25/2023,11:30,160,22.7,11.1,1209,11.23,1
T108,T108_170,7/25/2023,11:30,170,22.7,11.2,1209,11.55,1
T105,T105_0,7/25/2023,12:15,0,25.8,155.3,678,6.27,1
T105,T105_10,7/25/2023,12:15,10,25.7,157.7,676,7.38,1
T105,T105_20,7/25/2023,12:15,20,25.4,161.4,674,7.64,1
T105,T105_30,7/25/2023,12:15,30,24.9,166.5,674,8.24,1
T105,T105_40,7/25/2023,12:15,40,24.6,166.5,669,8.29,1
T105,T105_50,7/25/2023,12:15,50,24.3,164.1,670,8.07,1
T105,T105_60,7/25/2023,12:15,60,24.2,163.9,670,8.21,1
T105,T105_70,7/25/2023,12:15,70,24.1,163.1,674,8.29,1
T105,T105_80,7/25/2023,12:15,80,24,161.3,676,8.25,1
T105,T105_90,7/25/2023,12:15,90,23.6,145.4,698,10.69,1
T105,T105_100,7/25/2023,12:15,100,23.6,144.5,695,11.24,1
T105,T105_110,7/25/2023,12:15,110,23.1,110,723,13.13,1
T105,T105_120,7/25/2023,12:15,120,22.9,85.9,734,14.06,1
T105,T105_130,7/25/2023,12:15,130,22.7,75.3,740,14.65,1
T105,T105_140,7/25/2023,12:15,140,22.5,58.6,744,15.17,1
T105,T105_150,7/25/2023,12:15,150,22.3,17.4,752,24.23,1
T56,T56_0,7/25/2023,13:20,0,26.1,123.3,553,3.14,1
T56,T56_10,7/25/2023,13:20,10,26.2,124.5,553,3.08,1
T56,T56_20,7/25/2023,13:20,20,25.4,128.8,556,4.62,1
T56,T56_30,7/25/2023,13:20,30,25,134.2,557,5.13,1
T56,T56_40,7/25/2023,13:20,40,24.4,138.7,553,5.72,1
T56,T56_50,7/25/2023,13:20,50,24.2,142.1,551,6.58,1
T56,T56_60,7/25/2023,13:20,60,23.7,138.4,557,6.41,1
T56,T56_70,7/25/2023,13:20,70,23.5,135.4,561,6.6,1
T56,T56_80,7/25/2023,13:20,80,23.3,131.2,562,7.7,1
T56,T56_90,7/25/2023,13:20,90,23.2,128.4,562,7.69,1
T56,T56_100,7/25/2023,13:20,100,23,122.8,558,8.07,1
T56,T56_110,7/25/2023,13:20,110,22.9,122,566,8.05,1
T56,T56_120,7/25/2023,13:20,120,22.8,135.9,574,7.31,1
T56,T56_130,7/25/2023,13:20,130,22.6,140,588,6.7,1
T56,T56_140,7/25/2023,13:20,140,22.7,138.9,593,6.1,1
T56,T56_150,7/25/2023,13:20,150,22.2,117.6,613,15.37,1
T56,T56_160,7/25/2023,13:20,160,22.1,80.6,644,13.16,1
T56,T56_170,7/25/2023,13:20,170,21.8,48,655,19.33,1
T56,T56_180,7/25/2023,13:20,180,21.5,23.7,684,6.39,1
T56,T56_190,7/25/2023,13:20,190,21.2,8.3,716,5.79,1
T56,T56_200,7/25/2023,13:20,200,20.7,4.4,781,5.62,1
T56,T56_210,7/25/2023,13:20,210,20.3,3.1,895,7.6,1
T56,T56_220,7/25/2023,13:20,220,19.8,2.4,1027,9.45,1
T56,T56_230,7/25/2023,13:20,230,19.3,1.9,1308,10.87,1
T56,T56_240,7/25/2023,13:20,240,18.9,1.3,1575,12.73,1
T56,T56_250,7/25/2023,13:20,250,18.3,1.2,1975,15.45,1
T56,T56_260,7/25/2023,13:20,260,17.9,0.8,2133,15.58,1
T56,T56_270,7/25/2023,13:20,270,17.6,0.7,2349,19.34,1
T102,T102_0,7/25/2023,14:10,0,28.2,140.7,622,6.83,1
T102,T102_10,7/25/2023,14:10,10,28.2,141.3,623,7.5,1
T102,T102_20,7/25/2023,14:10,20,27.7,141.4,623,7.53,1
T102,T102_30,7/25/2023,14:10,30,26.1,144.5,626,10.5,1
T102,T102_40,7/25/2023,14:10,40,26.6,147.7,617,8.66,1
T102,T102_50,7/25/2023,14:10,50,25.9,146,623,12.6,1
T102,T102_60,7/25/2023,14:10,60,25,142.2,624,12.18,1
T102,T102_70,7/25/2023,14:10,70,24.6,131.3,622,10.96,1
T102,T102_80,7/25/2023,14:10,80,24.6,128.4,619,10.82,1
T102,T102_90,7/25/2023,14:10,90,24.5,127.3,621,10.78,1
T102,T102_100,7/25/2023,14:10,100,24.4,114.6,624,11.04,1
T102,T102_110,7/25/2023,14:10,110,24.3,96.3,628,10.27,1
T102,T102_120,7/25/2023,14:10,120,24.2,85.3,613,10.41,1
T55,T55_0,7/25/2023,14:25,0,27.3,139.9,504,4.66,1
T55,T55_10,7/25/2023,14:25,10,27.7,116.2,510,4.5,1
T55,T55_20,7/25/2023,14:25,20,25.9,163.7,490,8.91,1
T55,T55_30,7/25/2023,14:25,30,25.5,211.6,483,15.4,1
T55,T55_40,7/25/2023,14:25,40,25.2,214.9,483,12.89,1
T55,T55_50,7/25/2023,14:25,50,24.5,197.3,488,16.67,1
T55,T55_60,7/25/2023,14:25,60,24.5,198.7,486,23.81,1
T55,T55_70,7/25/2023,14:25,70,24,187.6,483,26.32,1
T55,T55_80,7/25/2023,14:25,80,23.8,149.6,486,21.01,1
T55,T55_90,7/25/2023,14:25,90,23.4,116.3,497,11.03,1
T55,T55_100,7/25/2023,14:25,100,23,55.3,503,9.16,1
T55,T55_110,7/25/2023,14:25,110,22.9,38.2,505,6.37,1
T55,T55_120,7/25/2023,14:25,120,22.7,27.5,519,6.17,1
T55,T55_130,7/25/2023,14:25,130,22.7,27.6,512,6.52,1
T55,T55_140,7/25/2023,14:25,140,22.4,10.4,508,6,1
T55,T55_150,7/25/2023,14:25,150,22.4,12.3,562,10.26,1
T54,T54_0,7/25/2023,15:30,0,27,124.2,549,6.05,1
T54,T54_10,7/25/2023,15:30,10,27,125,549,6.07,1
T54,T54_20,7/25/2023,15:30,20,26.8,133.3,548,6.83,1
T54,T54_30,7/25/2023,15:30,30,26.4,135.2,547,6.9,1
T54,T54_40,7/25/2023,15:30,40,25.4,136.1,550,8.03,1
T54,T54_50,7/25/2023,15:30,50,24.9,135.2,548,8.15,1
T54,T54_60,7/25/2023,15:30,60,24.1,123.2,569,8.64,1
T54,T54_70,7/25/2023,15:30,70,23.7,114.4,575,9.51,1
T54,T54_80,7/25/2023,15:30,80,23.4,116.2,571,12.08,1
T54,T54_90,7/25/2023,15:30,90,23.2,90.6,576,10.42,1
T54,T54_100,7/25/2023,15:30,100,22.9,58.1,606,9.5,1
T54,T54_110,7/25/2023,15:30,110,22.7,54.7,604,9.9,1
T54,T54_120,7/25/2023,15:30,120,22.6,46,606,10.3,1
T54,T54_130,7/25/2023,15:30,130,22.5,43,616,9.75,1
T54,T54_140,7/25/2023,15:30,140,22.4,39.9,616,11.27,1
T54,T54_150,7/25/2023,15:30,150,22.3,37.9,616,10.67,1
T54,T54_160,7/25/2023,15:30,160,22.2,29.4,636,9.27,1
T54,T54_170,7/25/2023,15:30,170,22.1,26.4,641,9.07,1
T54,T54_180,7/25/2023,15:30,180,21.8,12.7,666,9.1,1
T54,T54_190,7/25/2023,15:30,190,21.3,5.5,705,8.39,1
T54,T54_200,7/25/2023,15:30,200,21.2,2.9,728,9.76,1
T54,T54_210,7/25/2023,15:30,210,20.7,2.2,733,9.57,1
T53,T53_0,7/25/2023,16:00,0,28.1,141.6,469,1.03,1
T53,T53_10,7/25/2023,16:00,10,28,142.9,469,0.98,1
T53,T53_20,7/25/2023,16:00,20,26.1,96.3,515,0.96,1
T53,T53_30,7/25/2023,16:00,30,24.8,72.5,549,0.84,1
T53,T53_40,7/25/2023,16:00,40,24.5,58.7,551,0.82,1
T53,T53_50,7/25/2023,16:00,50,24.1,42.4,616,0.71,1
T53,T53_60,7/25/2023,16:00,60,23.9,34.1,660,0.79,1
T53,T53_70,7/25/2023,16:00,70,23.5,29.2,686,0.97,1
T53,T53_80,7/25/2023,16:00,80,23.5,26.7,692,1.15,1
T53,T53_90,7/25/2023,16:00,90,23.2,26.5,682,1.39,1
T53,T53_100,7/25/2023,16:00,100,23.1,26.1,675,1.3,1
T53,T53_110,7/25/2023,16:00,110,22.9,20.7,666,1.62,1
T53,T53_120,7/25/2023,16:00,120,22.8,18.7,670,1.66,1
T53,T53_130,7/25/2023,16:00,130,22.8,19.1,765,1.53,1
T53,T53_140,7/25/2023,16:00,140,22.7,20.9,753,1.69,1
T53,T53_150,7/25/2023,16:00,150,22.5,23.5,781,1.64,1
T53,T53_160,7/25/2023,16:00,160,22.4,25.5,775,1.75,1
T53,T53_170,7/25/2023,16:00,170,22.2,27.1,761,1.88,1
T53,T53_180,7/25/2023,16:00,180,22.3,31.5,810,0.87,1
T53,T53_190,7/25/2023,16:00,190,22.7,68.2,1642,0.63,1
T53,T53_200,7/25/2023,16:00,200,23.7,263.3,4229,4.18,1
T53,T53_210,7/25/2023,16:00,210,24,412.5,6245,13.26,1
T53,T53_220,7/25/2023,16:00,220,23.8,388.3,8618,18.24,1
T53,T53_230,7/25/2023,16:00,230,23.2,160,10021,13.71,1
T53,T53_240,7/25/2023,16:00,240,22.8,54.5,11781,94.87,1
T53,T53_250,7/25/2023,16:00,250,22.1,19.8,13362,114.7,1
T53,T53_260,7/25/2023,16:00,260,21.5,9.1,14007,70.96,1
C57,C57_0,7/26/2023,9:15,0,24.2,84.8,458,8.33,1
C57,C57_10,7/26/2023,9:15,10,24.2,83.4,458,8.19,1
C57,C57_20,7/26/2023,9:15,20,24.2,82,458,8.51,1
C57,C57_30,7/26/2023,9:15,30,24.1,80.4,459,8.53,1
C57,C57_40,7/26/2023,9:15,40,24.1,76.6,461,8.83,1
C57,C57_50,7/26/2023,9:15,50,24,73.4,465,9.37,1
C57,C57_60,7/26/2023,9:15,60,23.9,69.5,462,10.02,1
C57,C57_70,7/26/2023,9:15,70,23.8,68.5,466,11.03,1
C57,C57_80,7/26/2023,9:15,80,23.8,68.2,470,10.16,1
C45,C45_0,7/26/2023,10:15,0,24.7,44.8,2284,5.57,1
C45,C45_10,7/26/2023,10:15,10,24.7,43,2154,5.97,1
C45,C45_20,7/26/2023,10:15,20,22.6,42.9,2244,6.16,1
C45,C45_30,7/26/2023,10:15,30,24.6,41.7,2222,6.22,1
C45,C45_40,7/26/2023,10:15,40,24.3,39.5,2226,5.74,1
C45,C45_50,7/26/2023,10:15,50,24.3,34.8,2217,5.18,1
C45,C45_60,7/26/2023,10:15,60,24.4,31.3,2532,4.95,1
C45,C45_70,7/26/2023,10:15,70,24.6,22.3,2676,5.02,1
C45,C45_80,7/26/2023,10:15,80,24.9,34.3,3152,5.6,1
C45,C45_90,7/26/2023,10:15,90,25.4,67.9,3780,7.22,1
C45,C45_100,7/26/2023,10:15,100,25.7,118.6,5866,7.3,1
C45,C45_110,7/26/2023,10:15,110,26.8,204.6,10095,8.07,1
C45,C45_120,7/26/2023,10:15,120,27,246,10042,9.58,1
C45,C45_130,7/26/2023,10:15,130,27.2,104.3,16065,13.65,1
C45,C45_140,7/26/2023,10:15,140,27.1,18.6,20493,28.18,1
C45,C45_150,7/26/2023,10:15,150,26.7,6.1,23352,21.31,1
C45,C45_160,7/26/2023,10:15,160,26,3.4,27846,19.84,1
C45,C45_170,7/26/2023,10:15,170,25.6,2.5,28978,20.68,1
C45,C45_180,7/26/2023,10:15,180,24.8,2.1,20476,15.92,1
C45,C45_190,7/26/2023,10:15,190,24.5,1.7,31079,16.24,1
C45,C45_200,7/26/2023,10:15,200,23.7,1.6,31842,13.9,1
C45,C45_210,7/26/2023,10:15,210,23.2,1.2,32108,19.96,1
C82,C82_0,7/26/2023,11:10,0,26,91.1,478,0.77,1
C82,C82_10,7/26/2023,11:10,10,25,81.4,476,1.01,1
C82,C82_20,7/26/2023,11:10,20,24.9,80.4,475,0.81,1
C82,C82_30,7/26/2023,11:10,30,25.2,82,476,0.7,1
C82,C82_40,7/26/2023,11:10,40,24.5,82.6,478,1.02,1
C82,C82_50,7/26/2023,11:10,50,24,55.8,472,1.25,1
C82,C82_60,7/26/2023,11:10,60,23.7,41.8,471,1.09,1
C82,C82_70,7/26/2023,11:10,70,23.8,36.5,470,1.22,1
C82,C82_80,7/26/2023,11:10,80,23.6,37,468,1.05,1
C82,C82_90,7/26/2023,11:10,90,23.5,31.8,468,1.05,1
C82,C82_100,7/26/2023,11:10,100,23.3,15.9,468,1.04,1
C82,C82_110,7/26/2023,11:10,110,23.2,9,471,0.98,1
C82,C82_120,7/26/2023,11:10,120,23.1,5.1,470,0.99,1
C82,C82_130,7/26/2023,11:10,130,23.1,5.2,468,1.27,1
C82,C82_140,7/26/2023,11:10,140,23,4.7,471,1.41,1
C82,C82_150,7/26/2023,11:10,150,23,4.3,486,1.83,1
C82,C82_160,7/26/2023,11:10,160,22.9,3.5,495,2.18,1
C82,C82_170,7/26/2023,11:10,170,22.9,2.3,494,1.4,1
C82,C82_180,7/26/2023,11:10,180,22.8,1.4,498,1.47,1
C82,C82_190,7/26/2023,11:10,190,22.8,1.1,499,1.46,1
C82,C82_200,7/26/2023,11:10,200,22.7,1,508,1.31,1
C82,C82_210,7/26/2023,11:10,210,22.6,0.9,507,1.25,1
C82,C82_220,7/26/2023,11:10,220,22.5,0.8,513,1.28,1
C82,C82_230,7/26/2023,11:10,230,22.4,0.7,516,1.51,1
C82,C82_240,7/26/2023,11:10,240,22.2,0.6,535,3.32,1
C82,C82_250,7/26/2023,11:10,250,22,0.6,589,3.49,1
C80,C80_0,7/26/2023,12:00,0,24.6,42.6,297,3.59,1
C80,C80_10,7/26/2023,12:00,10,24.6,42.6,297,3.59,1
C80,C80_20,7/26/2023,12:00,20,24.2,30,307,0.47,1
C80,C80_30,7/26/2023,12:00,30,24.1,18.1,303,0.64,1
C80,C80_40,7/26/2023,12:00,40,23.6,15.8,307,0.5,1
C80,C80_50,7/26/2023,12:00,50,23,9,307,0.68,1
C80,C80_60,7/26/2023,12:00,60,22.7,4.4,306,0.89,1
C80,C80_70,7/26/2023,12:00,70,22.4,2.6,310,0.66,1
C80,C80_80,7/26/2023,12:00,80,22.3,2.6,313,0.76,1
C80,C80_90,7/26/2023,12:00,90,22.3,2.1,314,0.71,1
C80,C80_100,7/26/2023,12:00,100,22.1,1.7,316,0.71,1
C80,C80_110,7/26/2023,12:00,110,22.1,1.7,316,0.8,1
C80,C80_120,7/26/2023,12:00,120,22.1,2.2,317,1.3,1
C80,C80_130,7/26/2023,12:00,130,22.1,1.5,319,2.3,1
C83,C83_0,7/26/2023,12:40,0,27.4,184.7,477,9.08,1
C83,C83_10,7/26/2023,12:40,10,27.4,191.4,476,9.25,1
C83,C83_20,7/26/2023,12:40,20,27.3,195.9,477,8.75,1
C83,C83_30,7/26/2023,12:40,30,26.4,190,479,11.25,1
C83,C83_40,7/26/2023,12:40,40,26.2,189,477,10.42,1
C83,C83_50,7/26/2023,12:40,50,26,181,481,10.24,1
C83,C83_60,7/26/2023,12:40,60,25.7,178.4,479,9.7,1
C83,C83_70,7/26/2023,12:40,70,25.6,166.4,479,9.25,1
C83,C83_80,7/26/2023,12:40,80,25.5,163.2,475,9.45,1
C83,C83_90,7/26/2023,12:40,90,25.3,181.8,484,11.3,1
C83,C83_100,7/26/2023,12:40,100,25.1,196.4,474,13.36,1
C83,C83_110,7/26/2023,12:40,110,24.8,197.1,468,14.65,1
C83,C83_120,7/26/2023,12:40,120,24.6,195.1,474,14.53,1
C83,C83_130,7/26/2023,12:40,130,24.5,180,491,13.05,1
C83,C83_140,7/26/2023,12:40,140,24.3,164.6,545,10.81,1
C83,C83_150,7/26/2023,12:40,150,24.2,135.4,571,9.34,1
C83,C83_160,7/26/2023,12:40,160,24.1,126,573,8.74,1
C83,C83_170,7/26/2023,12:40,170,24,114,574,7.66,1
C83,C83_180,7/26/2023,12:40,180,23.9,98.5,583,7.48,1
C83,C83_190,7/26/2023,12:40,190,23.8,89.8,589,5.9,1
C83,C83_200,7/26/2023,12:40,200,23.7,82.6,592,5.34,1
C83,C83_210,7/26/2023,12:40,210,23.6,77.9,593,5.15,1
C83,C83_220,7/26/2023,12:40,220,23.5,69.2,600,5.03,1
C83,C83_230,7/26/2023,12:40,230,23.4,51.8,601,4.99,1
C83,C83_240,7/26/2023,12:40,240,23.2,26.7,594,5.67,1
C83,C83_250,7/26/2023,12:40,250,23,18.7,592,5.22,1
C83,C83_260,7/26/2023,12:40,260,22.5,9.5,608,5.21,1
C83,C83_270,7/26/2023,12:40,270,22,5.5,652,6.2,1
C83,C83_280,7/26/2023,12:40,280,21.4,3.3,655,6.87,1
C86,C86_0,7/26/2023,13:45,0,26.2,110.5,509,1.96,1
C86,C86_10,7/26/2023,13:45,10,26.3,112,508,2.33,1
C86,C86_20,7/26/2023,13:45,20,26.1,112,506,2.71,1
C86,C86_30,7/26/2023,13:45,30,25.9,113.3,509,4.91,1
C86,C86_40,7/26/2023,13:45,40,25.3,119,513,5.4,1
C86,C86_50,7/26/2023,13:45,50,24.6,119.4,514,3.51,1
C86,C86_60,7/26/2023,13:45,60,24.2,121.9,521,3.72,1
C86,C86_70,7/26/2023,13:45,70,23.9,130.5,539,4.33,1
C86,C86_80,7/26/2023,13:45,80,23.7,130.9,543,4.36,1
C86,C86_90,7/26/2023,13:45,90,23.2,122.9,552,3.76,1
C86,C86_100,7/26/2023,13:45,100,23.2,119.5,553,6.91,1
C86,C86_110,7/26/2023,13:45,110,23.1,117.2,548,6.07,1
C86,C86_120,7/26/2023,13:45,120,22.8,103.7,565,7.33,1
C86,C86_130,7/26/2023,13:45,130,22.6,83.1,568,6.51,1
C86,C86_140,7/26/2023,13:45,140,22.4,69.5,572,6.24,1
C86,C86_150,7/26/2023,13:45,150,22.5,66.5,570,4.27,1
C86,C86_160,7/26/2023,13:45,160,22.4,63.8,573,5.7,1
C86,C86_170,7/26/2023,13:45,170,22.3,58.6,575,6.13,1
C86,C86_180,7/26/2023,13:45,180,22.3,56.6,579,6.06,1
C86,C86_190,7/26/2023,13:45,190,22.2,54.6,576,6.44,1
C86,C86_200,7/26/2023,13:45,200,22.2,53,577,6.13,1
C86,C86_210,7/26/2023,13:45,210,22.1,51.4,576,5.94,1
C86,C86_220,7/26/2023,13:45,220,22.1,50.8,580,6.01,1
C86,C86_230,7/26/2023,13:45,230,22,49.7,582,6.45,1
C86,C86_240,7/26/2023,13:45,240,22,48.4,588,5.75,1
C86,C86_250,7/26/2023,13:45,250,21.9,47.9,591,8.6,1
C86,C86_260,7/26/2023,13:45,260,21.9,45.5,592,8.83,1
C86,C86_270,7/26/2023,13:45,270,21.9,43.9,594,8.77,1
C84,C84_0,7/26/2023,14:45,0,27.8,177.9,428,3.81,1
C84,C84_10,7/26/2023,14:45,10,27.7,184,427,4.05,1
C84,C84_20,7/26/2023,14:45,20,27.7,186.4,426,4.22,1
C84,C84_30,7/26/2023,14:45,30,27.7,188,426,4.2,1
C84,C84_40,7/26/2023,14:45,40,27.7,189,426,4.21,1
C84,C84_50,7/26/2023,14:45,50,27.6,190.1,426,4.09,1
C84,C84_60,7/26/2023,14:45,60,26.6,194,429,5.6,1
C84,C84_70,7/26/2023,14:45,70,26.6,197.8,430,5.46,1
C84,C84_80,7/26/2023,14:45,80,26.8,200.5,429,5.43,1
C84,C84_90,7/26/2023,14:45,90,26.2,200,428,5.56,1
C84,C84_100,7/26/2023,14:45,100,26,194.9,429,5.33,1
C84,C84_110,7/26/2023,14:45,110,25.6,194.5,430,5.31,1
C84,C84_120,7/26/2023,14:45,120,25.6,194.6,429,5.24,1
C84,C84_130,7/26/2023,14:45,130,25.4,191,424,5.03,1
C84,C84_140,7/26/2023,14:45,140,25.1,176.3,455,4.06,1
C84,C84_150,7/26/2023,14:45,150,25,167.8,455,3.83,1
C84,C84_160,7/26/2023,14:45,160,24.8,154.1,463,3.28,1
C84,C84_170,7/26/2023,14:45,170,24.6,145.3,470,3.04,1
C84,C84_180,7/26/2023,14:45,180,24.6,139.8,471,3.12,1
C84,C84_190,7/26/2023,14:45,190,24.5,131,470,2.91,1
C84,C84_200,7/26/2023,14:45,200,24.3,115.5,466,3.41,1
C84,C84_210,7/26/2023,14:45,210,24.2,91.4,468,4.47,1
C84,C84_220,7/26/2023,14:45,220,24,80.2,472,4.03,1
C84,C84_230,7/26/2023,14:45,230,23.9,67.5,475,3.41,1
C84,C84_240,7/26/2023,14:45,240,23.7,50.3,480,3.81,1
C84,C84_250,7/26/2023,14:45,250,23.6,36.4,482,3.8,1
C84,C84_260,7/26/2023,14:45,260,23.4,25.2,485,3.08,1
C81,C81_0,7/26/2023,15:30,0,27.3,138.8,436,1.49,1
C81,C81_10,7/26/2023,15:30,10,27.2,144.6,432,1.43,1
C81,C81_20,7/26/2023,15:30,20,27,145.6,431,1.41,1
C81,C81_30,7/26/2023,15:30,30,27,146,431,1.61,1
C81,C81_40,7/26/2023,15:30,40,26.8,145.4,432,1.72,1
C81,C81_50,7/26/2023,15:30,50,26.7,144.4,432,1.54,1
C81,C81_60,7/26/2023,15:30,60,25.6,133.6,439,2.02,1
C81,C81_70,7/26/2023,15:30,70,25.4,127,437,1.93,1
C81,C81_80,7/26/2023,15:30,80,25,134.2,442,2.8,1
C81,C81_90,7/26/2023,15:30,90,24.9,138.4,443,2.88,1
C81,C81_100,7/26/2023,15:30,100,24.8,137.6,443,2.83,1
C81,C81_110,7/26/2023,15:30,110,24.6,128.6,439,2.79,1
C81,C81_120,7/26/2023,15:30,120,24.4,129.8,442,3.31,1
C81,C81_130,7/26/2023,15:30,130,24.3,122.2,444,2.85,1
C81,C81_140,7/26/2023,15:30,140,24.2,107.8,445,2.93,1
C81,C81_150,7/26/2023,15:30,150,24.1,105.3,445,2.67,1
C81,C81_160,7/26/2023,15:30,160,23.9,92.6,447,2.66,1
C81,C81_170,7/26/2023,15:30,170,23.8,76.8,450,2.72,1
C81,C81_180,7/26/2023,15:30,180,23.8,74.6,450,2.55,1
C81,C81_190,7/26/2023,15:30,190,23.7,68,450,2.64,1
C81,C81_200,7/26/2023,15:30,200,23.6,54.8,451,2.36,1
C81,C81_210,7/26/2023,15:30,210,23.5,31,456,2.08,1
C81,C81_220,7/26/2023,15:30,220,23.4,25.2,457,2.28,1
C81,C81_230,7/26/2023,15:30,230,23.3,18.8,460,2.57,1
C81,C81_240,7/26/2023,15:30,240,23.1,21.1,460,2.18,1
C81,C81_250,7/26/2023,15:30,250,22.8,17.1,465,2.84,1
C56,C56_0,7/27/2023,10:00,0,24.2,64.9,484,1.92,1
C56,C56_10,7/27/2023,10:00,10,24.1,64,557,1.97,1
C56,C56_20,7/27/2023,10:00,20,24.1,61.3,562,2.02,1
C56,C56_30,7/27/2023,10:00,30,24,52.3,613,1.67,1
C56,C56_40,7/27/2023,10:00,40,24,48.9,612,1.67,1
C56,C56_50,7/27/2023,10:00,50,23.7,49.5,569,1.96,1
C56,C56_60,7/27/2023,10:00,60,23.6,55.1,545,2.19,1
C56,C56_70,7/27/2023,10:00,70,23.5,56.8,507,2.71,1
C56,C56_80,7/27/2023,10:00,80,23.5,51.1,495,4.18,1
C56,C56_90,7/27/2023,10:00,90,23.6,16.9,740,3.2,1
C56,C56_100,7/27/2023,10:00,100,23.6,15.7,781,14.71,1
C56,C56_110,7/27/2023,10:00,110,23.6,12.8,896,12.98,1
C56,C56_120,7/27/2023,10:00,120,23.9,9.1,3036,11.28,1
C56,C56_130,7/27/2023,10:00,130,23.7,7.8,3469,10.22,1
C56,C56_140,7/27/2023,10:00,140,23.7,2.7,4641,17.03,1
C56,C56_150,7/27/2023,10:00,150,23.6,1.9,5426,21.45,1
C56,C56_160,7/27/2023,10:00,160,23.2,1.5,6544,23.82,1
C56,C56_170,7/27/2023,10:00,170,22.5,1.2,6787,21.05,1
C56,C56_180,7/27/2023,10:00,180,21.5,0.9,7242,20.82,1
C16,C16_0,7/27/2023,10:45,0,24.9,112.3,374,8.04,1
C16,C16_10,7/27/2023,10:45,10,24.8,113.2,374,8.06,1
C16,C16_20,7/27/2023,10:45,20,24.8,113,374,8.18,1
C16,C16_30,7/27/2023,10:45,30,24.8,112.7,374,8.21,1
C16,C16_40,7/27/2023,10:45,40,24.3,106.8,376,8.81,1
C16,C16_50,7/27/2023,10:45,50,24.2,98.5,376,8.47,1
C16,C16_60,7/27/2023,10:45,60,24,92,367,9.29,1
C16,C16_70,7/27/2023,10:45,70,24,89.4,365,9.4,1
C16,C16_80,7/27/2023,10:45,80,23.6,81.8,355,9.92,1
C16,C16_90,7/27/2023,10:45,90,23.7,78.6,352,9.82,1
C16,C16_100,7/27/2023,10:45,100,23.7,80.3,356,9.21,1
C16,C16_110,7/27/2023,10:45,110,23.2,70,314,12.45,1
C16,C16_120,7/27/2023,10:45,120,23.1,64.8,307,12,1
C16,C16_130,7/27/2023,10:45,130,23.1,62.8,310,12.02,1
C16,C16_140,7/27/2023,10:45,140,23,47.8,291,13.72,1
C16,C16_150,7/27/2023,10:45,150,23,40.5,317,13.12,1
C16,C16_160,7/27/2023,10:45,160,22.9,18.7,368,13.29,1
C16,C16_170,7/27/2023,10:45,170,22.8,7.9,403,13.63,1
C16,C16_180,7/27/2023,10:45,180,22.7,3.8,418,12.92,1
C17,C17_0,7/27/2023,11:15,0,25.4,77.6,244,3.82,1
C17,C17_10,7/27/2023,11:15,10,24.7,81.6,246,5.97,1
C17,C17_20,7/27/2023,11:15,20,24.5,84.7,241,6.48,1
C17,C17_30,7/27/2023,11:15,30,23.9,89.3,223,5.78,1
C17,C17_40,7/27/2023,11:15,40,23.8,93.7,222,6,1
C17,C17_50,7/27/2023,11:15,50,23.1,96.2,196,5.13,1
C17,C17_60,7/27/2023,11:15,60,22.9,78.5,189,5.82,1
C17,C17_70,7/27/2023,11:15,70,22.8,72.3,186,6.04,1
C17,C17_80,7/27/2023,11:15,80,22.7,76.4,185,6.09,1
C17,C17_90,7/27/2023,11:15,90,22.6,70.5,185,5.28,1
C17,C17_100,7/27/2023,11:15,100,22.4,41.2,192,5.76,1
C17,C17_110,7/27/2023,11:15,110,22.4,43.9,204,4.97,1
C17,C17_120,7/27/2023,11:15,120,22.3,22.9,206,6.96,1
C17,C17_130,7/27/2023,11:15,130,22.3,14.8,238,5.35,1
C17,C17_140,7/27/2023,11:15,140,22.3,11.5,250,4.54,1
C17,C17_150,7/27/2023,11:15,150,22.2,6.9,253,4.83,1
C17,C17_160,7/27/2023,11:15,160,22,4,292,6.88,1
C17,C17_170,7/27/2023,11:15,170,21.8,2.6,315,7.58,1
C17,C17_180,7/27/2023,11:15,180,21.6,2,331,8.29,1
C17,C17_190,7/27/2023,11:15,190,21.3,1.6,346,10.89,1
C9,C9_0,7/27/2023,12:00,0,25.5,107.7,266,3,1
C9,C9_10,7/27/2023,12:00,10,25.3,108,266,2.87,1
C9,C9_20,7/27/2023,12:00,20,25.2,107.1,264,3.21,1
C9,C9_30,7/27/2023,12:00,30,25,106.4,264,3.23,1
C9,C9_40,7/27/2023,12:00,40,24.8,102.9,262,3.27,1
C9,C9_50,7/27/2023,12:00,50,24.7,103.1,262,3.43,1
C9,C9_60,7/27/2023,12:00,60,24.3,101.1,263,3.13,1
C9,C9_70,7/27/2023,12:00,70,24.2,102.3,256,3.12,1
C9,C9_80,7/27/2023,12:00,80,24,103.2,246,3.13,1
C9,C9_90,7/27/2023,12:00,90,23.9,100.9,242,3.01,1
C9,C9_100,7/27/2023,12:00,100,23.8,64.7,239,4.27,1
C9,C9_110,7/27/2023,12:00,110,23.7,89.3,235,5.49,1
C9,C9_120,7/27/2023,12:00,120,23.6,69.8,232,5.21,1
C9,C9_130,7/27/2023,12:00,130,23.5,39.9,237,6.45,1
C68,C68_0,7/27/2023,13:00,0,27,66.2,840,0.41,1
C68,C68_10,7/27/2023,13:00,10,26.9,63.7,937,0.3,1
C68,C68_20,7/27/2023,13:00,20,26.9,63.6,931,0.3,1
C68,C68_30,7/27/2023,13:00,30,26.8,61.5,932,0.27,1
C68,C68_40,7/27/2023,13:00,40,26.8,60.7,938,0.35,1
C68,C68_50,7/27/2023,13:00,50,26.8,60.2,939,0.35,1
C68,C68_60,7/27/2023,13:00,60,26.5,59.3,941,0.36,1
C68,C68_70,7/27/2023,13:00,70,26.2,59,940,0.42,1
C68,C68_80,7/27/2023,13:00,80,26.2,58.7,937,0.32,1
C68,C68_90,7/27/2023,13:00,90,26.2,59.4,931,0.56,1
C68,C68_100,7/27/2023,13:00,100,26.1,59.1,936,0.73,1
C68,C68_110,7/27/2023,13:00,110,26,58.3,930,0.56,1
C68,C68_120,7/27/2023,13:00,120,26,57.1,935,0.75,1
C68,C68_130,7/27/2023,13:00,130,25.9,54.9,944,0.67,1
C68,C68_140,7/27/2023,13:00,140,25.9,56.7,948,0.46,1
C68,C68_150,7/27/2023,13:00,150,25.9,57.2,950,0.77,1
C57,C57_0,7/27/2023,9:15,0,24.2,84.8,458,8.33,1
C57,C57_10,7/27/2023,9:15,10,24.2,83.4,458,8.19,1
C57,C57_20,7/27/2023,9:15,20,24.2,82,458,8.51,1
C57,C57_30,7/27/2023,9:15,30,24.1,80.4,459,8.53,1
C57,C57_40,7/27/2023,9:15,40,24.1,76.6,461,8.83,1
C57,C57_50,7/27/2023,9:15,50,24,73.4,465,9.37,1
C57,C57_60,7/27/2023,9:15,60,23.9,69.5,462,10.02,1
C57,C57_70,7/27/2023,9:15,70,23.8,68.5,466,11.03,1
C57,C57_80,7/27/2023,9:15,80,23.8,68.2,470,10.16,1
T108,T108_0,8/14/2023,12:20,0,24.3,68.7,926,4.02,2
T108,T108_10,8/14/2023,12:20,10,24.3,66.5,917,4.12,2
T108,T108_20,8/14/2023,12:20,20,24.3,66.1,927,4,2
T108,T108_30,8/14/2023,12:20,30,24.1,64.6,925,4.06,2
T108,T108_40,8/14/2023,12:20,40,23.9,60.5,921,4.2,2
T108,T108_50,8/14/2023,12:20,50,23.5,52.9,925,4.29,2
T108,T108_60,8/14/2023,12:20,60,23.4,50.2,916,4.52,2
T108,T108_70,8/14/2023,12:20,70,23.1,51.7,917,5.32,2
T108,T108_80,8/14/2023,12:20,80,23,51.6,921,6.05,2
T108,T108_90,8/14/2023,12:20,90,22.9,50.1,918,6.79,2
T108,T108_100,8/14/2023,12:20,100,22.9,49.5,919,6.56,2
T108,T108_110,8/14/2023,12:20,110,22.9,47.6,919,7.02,2
T108,T108_120,8/14/2023,12:20,120,22.8,48.9,920,7.46,2
T108,T108_130,8/14/2023,12:20,130,22.8,42.1,924,8.05,2
T108,T108_140,8/14/2023,12:20,140,22.7,34.1,928,7.73,2
T108,T108_150,8/14/2023,12:20,150,22.4,29.5,945,8.47,2
T108,T108_160,8/14/2023,12:20,160,22.4,27.3,954,8.27,2
T109,T109_0,8/14/2023,11:25,0,23.9,152.7,678,12.95,2
T109,T109_10,8/14/2023,11:25,10,23.8,161.3,680,13.14,2
T109,T109_20,8/14/2023,11:25,20,23.9,164,679,13.05,2
T109,T109_30,8/14/2023,11:25,30,23.9,165,679,12.43,2
T109,T109_40,8/14/2023,11:25,40,23.7,165.1,680,12.94,2
T109,T109_50,8/14/2023,11:25,50,23.3,165.1,682,14.36,2
T109,T109_60,8/14/2023,11:25,60,22.9,163.5,683,16.44,2
T109,T109_70,8/14/2023,11:25,70,22.9,161.4,681,16.28,2
T109,T109_80,8/14/2023,11:25,80,22.5,153.8,681,17.12,2
T109,T109_90,8/14/2023,11:25,90,22.3,145.8,679,18.16,2
T109,T109_100,8/14/2023,11:25,100,22.1,140.5,679,17.62,2
T109,T109_110,8/14/2023,11:25,110,22.1,136.5,681,19.68,2
T109,T109_120,8/14/2023,11:25,120,22,127.7,682,21.5,2
T106,T106_0,8/14/2023,9:00,0,22.8,132.6,588,17.14,2
T106,T106_10,8/14/2023,9:00,10,22.7,134.6,587,18.53,2
T106,T106_20,8/14/2023,9:00,20,22.7,133.4,590,18.47,2
T106,T106_30,8/14/2023,9:00,30,22.7,129,590,18.94,2
T106,T106_40,8/14/2023,9:00,40,22.6,127.1,591,18.19,2
T106,T106_50,8/14/2023,9:00,50,22.6,123.8,593,19.21,2
T106,T106_60,8/14/2023,9:00,60,22.6,123.3,593,19,2
T106,T106_70,8/14/2023,9:00,70,22.5,120.4,594,21.06,2
T106,T106_80,8/14/2023,9:00,80,22.5,117.6,595,22.65,2
T106,T106_90,8/14/2023,9:00,90,22.5,114.7,596,21.03,2
T106,T106_100,8/14/2023,9:00,100,22.5,115.5,596,21.09,2
T106,T106_110,8/14/2023,9:00,110,22.4,110.6,597,21.27,2
T106,T106_120,8/14/2023,9:00,120,22.4,87.2,615,24.01,2
